metric,scope,value,reason,n,provenance
completion_time_ms,G1,6630,,205,campaign-dbba5342-f0ee-4ecb-9d4f-a3dbb9f8884d:0 -> Q-3b409ff2-690d-4516-8857-3425256fe3d0 | campaign-45e406a5-0290-4b69-864f-de73991b2b98:0 -> Q-d0744fa2-7aba-4f5e-b9f1-419b32ac933c | campaign-76b22fdb-d172-475c-8fb9-c14462f1fc63:0 -> Q-803ee1e7-5406-4abf-a697-427bc734a5c8 | campaign-76b22fdb-d172-475c-8fb9-c14462f1fc63:1 -> Q-8735246e-4124-433c-ad59-70a15a8b9cb5 | campaign-76b22fdb-d172-475c-8fb9-c14462f1fc63:2 -> Q-90969dc0-e7a8-4242-9385-2c306708a9e3 | campaign-76b22fdb-d172-475c-8fb9-c14462f1fc63:3 -> Q-4e4d004d-df07-4636-b11b-a0beb0cacb8d | campaign-76b22fdb-d172-475c-8fb9-c14462f1fc63:4 -> Q-33c8848d-78f2-42dd-8ad4-780641d1c57c | campaign-76b22fdb-d172-475c-8fb9-c14462f1fc63:5 -> Q-d06e48ce-9b27-4b23-8224-3e2d324c3849 | campaign-7e74a6ea-e43c-4bca-aef6-92fbadf0a865:0 -> Q-0cd7847c-eda2-4a36-9fba-b2a860bd767d | campaign-d5c9cc49-bba4-4759-845f-e74a7f06d5eb:0 -> Q-8d4d88db-f710-43ab-94dd-c57b24e3d661 | campaign-42b5c2d5-11ad-4685-a432-acf5d999ac07:0 -> Q-12617a09-fd6d-4bef-8bf3-6f63d076566f | campaign-42b5c2d5-11ad-4685-a432-acf5d999ac07:1 -> Q-e67555c8-22fc-4e63-8111-bd4f7e9d52f5 | campaign-42b5c2d5-11ad-4685-a432-acf5d999ac07:2 -> Q-32a3f53a-2352-4bbc-8e74-ca921d9c60dc | campaign-42b5c2d5-11ad-4685-a432-acf5d999ac07:3 -> Q-915616cd-c793-40e7-a5dd-a437c1d0ecb5 | campaign-42b5c2d5-11ad-4685-a432-acf5d999ac07:4 -> Q-c435c8c2-d3b7-4ec9-9c95-e9d096e5686f | campaign-42b5c2d5-11ad-4685-a432-acf5d999ac07:5 -> Q-f24d4787-e8c2-4787-adc2-63bc6b3251f8 | campaign-7b0008af-209d-4383-977a-1fc88b940e42:0 -> Q-310b956d-e2cd-4279-992d-602451f1156e | campaign-7b0008af-209d-4383-977a-1fc88b940e42:1 -> Q-2ec6b733-4477-45c0-8bd6-00ee9455a9c7 | campaign-7b0008af-209d-4383-977a-1fc88b940e42:2 -> Q-2a7bf0de-280d-4759-a3f0-21945a5ee74a | campaign-7b0008af-209d-4383-977a-1fc88b940e42:3 -> Q-017764d4-a446-474d-8cc3-bc63b78c5508 | campaign-7b0008af-209d-4383-977a-1fc88b940e42:4 -> Q-d848467a-7dd7-4c76-9e7f-04c67c4f0426 | campaign-7b0008af-209d-4383-977a-1fc88b940e42:5 -> Q-e35f9c46-4d3b-444a-a7b5-87a67d723e45 | campaign-89df38c0-fad6-49ee-a377-f5f12c7686d8:0 -> Q-b00060b8-1772-4a95-9576-9ebb74d956f6 | campaign-89df38c0-fad6-49ee-a377-f5f12c7686d8:1 -> Q-0d67c4bf-a859-450b-9bff-9cb160231086 | campaign-89df38c0-fad6-49ee-a377-f5f12c7686d8:2 -> Q-7c25fb25-b8f6-4b7b-a26f-c5fd2dabef56 | campaign-89df38c0-fad6-49ee-a377-f5f12c7686d8:3 -> Q-6d93a6e6-b644-4574-9a54-2df904b54edb | campaign-89df38c0-fad6-49ee-a377-f5f12c7686d8:4 -> Q-6faafbc8-9ac9-47b4-bdd2-4ba90824ecbe | campaign-89df38c0-fad6-49ee-a377-f5f12c7686d8:5 -> Q-31ff3f53-5912-448f-929c-fa3f1d7c74bc | campaign-83bedb18-074c-4017-ad69-a68158742670:0 -> Q-e8f38ce7-6561-494f-9716-164a1aa7cb10 | campaign-83bedb18-074c-4017-ad69-a68158742670:1 -> Q-97f15303-5c5c-4827-a40d-e8f92286b1c7 | campaign-83bedb18-074c-4017-ad69-a68158742670:2 -> Q-d327d298-dd5b-4920-a8ed-6887ca6666fb | campaign-83bedb18-074c-4017-ad69-a68158742670:3 -> Q-02025f1e-762a-4abe-9e56-f6ea47404ae8 | campaign-83bedb18-074c-4017-ad69-a68158742670:4 -> Q-b2195452-674e-4969-bc65-8f44eef1fabd | campaign-83bedb18-074c-4017-ad69-a68158742670:5 -> Q-95ce0ad3-50f9-438c-92ff-8fbd46090eda | campaign-125079c3-b407-4428-969a-dece3069aa15:0 -> Q-bc183a9c-5645-4969-81f9-248457651bb1 | campaign-125079c3-b407-4428-969a-dece3069aa15:1 -> Q-8b55c12c-e35f-476b-8397-67eae920d463 | campaign-125079c3-b407-4428-969a-dece3069aa15:2 -> Q-44331959-8232-46e9-ac33-520a8190e0cc | campaign-125079c3-b407-4428-969a-dece3069aa15:3 -> Q-4a9c6e35-54e1-4b7c-bfcd-6a11e0e045ed | campaign-125079c3-b407-4428-969a-dece3069aa15:4 -> Q-aa778853-2637-41e1-b6c3-eec6c0d4e472 | campaign-125079c3-b407-4428-969a-dece3069aa15:5 -> Q-a061e9b0-e54f-41e1-8174-4277898b0d7a | campaign-8be00ecf-ef6c-4a88-8b5f-59e6a49ab3b4:0 -> Q-873783fa-6604-4771-8f89-c9f373f45938 | campaign-8be00ecf-ef6c-4a88-8b5f-59e6a49ab3b4:1 -> Q-248397c0-67da-447d-a6d5-ed7d50ff3d8d | campaign-8be00ecf-ef6c-4a88-8b5f-59e6a49ab3b4:2 -> Q-e9f297e9-80a2-4eac-83ab-909c3c0124b8 | campaign-8be00ecf-ef6c-4a88-8b5f-59e6a49ab3b4:3 -> Q-99715cba-1b3a-4ac0-b9d5-286a20ef2063 | campaign-8be00ecf-ef6c-4a88-8b5f-59e6a49ab3b4:4 -> Q-81113014-3be6-4fdd-b5e5-5495540b7f22 | campaign-8be00ecf-ef6c-4a88-8b5f-59e6a49ab3b4:5 -> Q-4486fe67-fdcf-42e5-b8d7-dc99cff083f0 | campaign-ad663ad6-c3a4-4836-8841-d27b1b3c8d8c:0 -> Q-ca3ddde5-2cfc-4be6-bdfd-22e870bf0180 | campaign-ad663ad6-c3a4-4836-8841-d27b1b3c8d8c:1 -> Q-be1e4760-50ea-4361-8407-333d28351ab7 | campaign-ad663ad6-c3a4-4836-8841-d27b1b3c8d8c:2 -> Q-28dfd7f0-18e2-4d71-9ad4-493824e7cd1c | campaign-ad663ad6-c3a4-4836-8841-d27b1b3c8d8c:3 -> Q-248746d6-c620-4913-a74a-5eb7d19d28ea | campaign-ad663ad6-c3a4-4836-8841-d27b1b3c8d8c:4 -> Q-ebe7559b-c0ad-4dcc-b142-16aa5a27e00b | campaign-ad663ad6-c3a4-4836-8841-d27b1b3c8d8c:5 -> Q-70a6d6c2-0d8f-41b0-b3d5-f8d9e90adb66 | campaign-b8118565-e2e0-4bbb-ad41-548c0688d6a4:0 -> Q-99228861-771a-40d2-83ce-f489fa086d98 | campaign-b8118565-e2e0-4bbb-ad41-548c0688d6a4:1 -> Q-426ebc37-5349-41fa-b40d-6ff49f3a2f8c | campaign-b8118565-e2e0-4bbb-ad41-548c0688d6a4:2 -> Q-18dbb859-38c9-4093-b271-bcc746ef4a13 | campaign-b8118565-e2e0-4bbb-ad41-548c0688d6a4:3 -> Q-539c1708-3f34-40fc-b811-ef38a8a70330 | campaign-b8118565-e2e0-4bbb-ad41-548c0688d6a4:4 -> Q-172673cb-50dd-4c68-bbdf-2b11a06f5963 | campaign-b8118565-e2e0-4bbb-ad41-548c0688d6a4:5 -> Q-fba6a138-44f6-4af8-9682-83dde68e189c | campaign-3c873390-59c9-4324-b0f4-829b03802e1e:0 -> Q-c8081b4d-ea83-432c-bbad-1a3cc7593912 | campaign-3c873390-59c9-4324-b0f4-829b03802e1e:1 -> Q-da22f3bd-7719-41af-a68b-fa3d203b3f2c | campaign-3c873390-59c9-4324-b0f4-829b03802e1e:2 -> Q-537cb68f-8350-44d3-bc0d-1d950cb1995f | campaign-3c873390-59c9-4324-b0f4-829b03802e1e:3 -> Q-083a04b8-1941-4c8d-a041-b494e98baa6c | campaign-3c873390-59c9-4324-b0f4-829b03802e1e:4 -> Q-a567e59c-ac09-42bf-bac5-50daa7c67e90 | campaign-3c873390-59c9-4324-b0f4-829b03802e1e:5 -> Q-3e6e168d-ad92-4b97-8b19-0b8215a6d15a | campaign-1457eaf4-fdad-4f54-a10d-91f9f14e830a:0 -> Q-7cc5f333-7b52-4bbe-b1b7-db27e46ddb03 | campaign-1457eaf4-fdad-4f54-a10d-91f9f14e830a:1 -> Q-af5a54c7-3eb2-4faa-a71d-8a06308525d1 | campaign-1457eaf4-fdad-4f54-a10d-91f9f14e830a:2 -> Q-11627589-4dd7-4e9a-b32d-049f8270f946 | campaign-1457eaf4-fdad-4f54-a10d-91f9f14e830a:3 -> Q-d776ec84-ac7d-4aa6-880d-959497f9c450 | campaign-1457eaf4-fdad-4f54-a10d-91f9f14e830a:4 -> Q-aee80102-8d2c-4a64-afcc-2aa5b964cefc | campaign-1457eaf4-fdad-4f54-a10d-91f9f14e830a:5 -> Q-76ce83df-2c9e-40df-8914-78c8ca62019e | campaign-5f6a75ea-ea9f-47f0-822e-8b2063cf97e8:0 -> Q-cb4e2c54-98ce-499d-a1f6-2408de046d49 | campaign-5f6a75ea-ea9f-47f0-822e-8b2063cf97e8:1 -> Q-1f2c8b2e-5c39-413b-9a71-2866aceb4791 | campaign-5f6a75ea-ea9f-47f0-822e-8b2063cf97e8:2 -> Q-f72a4f4a-9ef3-46d1-9f06-569063439ad7 | campaign-5f6a75ea-ea9f-47f0-822e-8b2063cf97e8:3 -> Q-1c5dbfa9-3a84-4baa-bf69-563501942332 | campaign-5f6a75ea-ea9f-47f0-822e-8b2063cf97e8:4 -> Q-0a754806-0b26-4cb2-8373-05d38c194477 | campaign-5f6a75ea-ea9f-47f0-822e-8b2063cf97e8:5 -> Q-9875aa61-ff46-4b27-bac1-2b423f3aacbd | campaign-48782249-9d5b-4bd5-b619-6fe4472ce30c:0 -> Q-a7a54203-606a-4d41-93ed-b4008ed98813 | campaign-48782249-9d5b-4bd5-b619-6fe4472ce30c:1 -> Q-2087285c-7fc2-4024-babb-2cca28dcc6f2 | campaign-48782249-9d5b-4bd5-b619-6fe4472ce30c:2 -> Q-3175a27a-d9bb-46dc-9b62-e2c9ce966441 | campaign-48782249-9d5b-4bd5-b619-6fe4472ce30c:3 -> Q-486f0973-4e7b-4c8a-841b-225f81851675 | campaign-48782249-9d5b-4bd5-b619-6fe4472ce30c:4 -> Q-a2773999-45c4-4561-8777-db8cc5699a88 | campaign-48782249-9d5b-4bd5-b619-6fe4472ce30c:5 -> Q-80b98878-d93e-4e7a-9719-91711881747e | campaign-013b37aa-8ab6-411d-b498-ecb66c2cfa68:0 -> Q-0134e965-ec6e-46c7-9dce-a13e47ffc2a1 | campaign-013b37aa-8ab6-411d-b498-ecb66c2cfa68:1 -> Q-5596e92f-3438-4415-8270-50685dc8110f | campaign-013b37aa-8ab6-411d-b498-ecb66c2cfa68:2 -> Q-f2b0f7ac-05da-4053-81cf-97cbabd5e149 | campaign-013b37aa-8ab6-411d-b498-ecb66c2cfa68:3 -> Q-11702fbd-042f-4898-a194-b168c44ee98c | campaign-013b37aa-8ab6-411d-b498-ecb66c2cfa68:4 -> Q-1e2d26ad-cb23-4428-ae48-a3cb1a378f5f | campaign-013b37aa-8ab6-411d-b498-ecb66c2cfa68:5 -> Q-0c4114bb-8826-4ca1-891f-1fc95b5f16b9 | campaign-26a8c78b-e311-4c1d-a543-3721e7e5e717:0 -> Q-31083c5f-8d80-4396-993e-c4dac6105b2b | campaign-26a8c78b-e311-4c1d-a543-3721e7e5e717:1 -> Q-6366b55b-0b46-45cd-8013-1d11175c6b2e | campaign-26a8c78b-e311-4c1d-a543-3721e7e5e717:2 -> Q-e6909736-14b9-4ca0-985e-fc53f9ce5690 | campaign-26a8c78b-e311-4c1d-a543-3721e7e5e717:3 -> Q-237242de-ec94-4d97-bf44-4c1ae0d6630d | campaign-26a8c78b-e311-4c1d-a543-3721e7e5e717:4 -> Q-d7c3de85-0bf0-43f1-bcb0-90dc29b63be5 | campaign-26a8c78b-e311-4c1d-a543-3721e7e5e717:5 -> Q-31f8d483-a304-4336-8240-17443f60bfb2 | campaign-20155a36-3ff5-485a-8197-11d557aa990e:0 -> Q-10eef96c-278a-4457-bf29-2aa395897a02 | campaign-20155a36-3ff5-485a-8197-11d557aa990e:1 -> Q-40c359c5-97ad-4488-95bc-64a94bc8e425 | campaign-20155a36-3ff5-485a-8197-11d557aa990e:2 -> Q-724b7c31-bdc6-47bc-a93d-5282ae9af5a2 | campaign-20155a36-3ff5-485a-8197-11d557aa990e:3 -> Q-800ccec5-b0ce-49cd-830b-f00d2a3ff6cd | campaign-20155a36-3ff5-485a-8197-11d557aa990e:4 -> Q-38e60aee-6468-4cc3-b67c-15f1e66c685c | campaign-20155a36-3ff5-485a-8197-11d557aa990e:5 -> Q-67776245-9cd8-4013-98cf-acfcabfa13de | campaign-9420b112-49c6-4f5e-a551-15ec82a0698c:0 -> Q-18140360-f8e8-4ba9-9e07-166b2958017c | campaign-9420b112-49c6-4f5e-a551-15ec82a0698c:1 -> Q-34a2a5b2-0572-44d5-a578-023445c4f417 | campaign-9420b112-49c6-4f5e-a551-15ec82a0698c:2 -> Q-3f011cb0-bfbe-4fe5-b583-efcff5a47198 | campaign-9420b112-49c6-4f5e-a551-15ec82a0698c:3 -> Q-56669397-c8a1-46d5-853f-aee5a7e08054 | campaign-9420b112-49c6-4f5e-a551-15ec82a0698c:4 -> Q-7a08b402-3f7a-412d-afea-75542131a541 | campaign-9420b112-49c6-4f5e-a551-15ec82a0698c:5 -> Q-036f213d-443f-4467-a623-ac9c74bec4f6 | campaign-b7f9b116-f3aa-4c4f-b2da-44c2f0668e8e:0 -> Q-874a45a0-6b0f-4c5f-be78-95961dae0ef6 | campaign-b7f9b116-f3aa-4c4f-b2da-44c2f0668e8e:1 -> Q-d468b851-30de-48f1-af55-ce0f0bb8f8b6 | campaign-b7f9b116-f3aa-4c4f-b2da-44c2f0668e8e:2 -> Q-3ca4a817-681d-4487-9f82-c9bdeb9658ed | campaign-b7f9b116-f3aa-4c4f-b2da-44c2f0668e8e:3 -> Q-cfec716f-2527-4b3f-aedc-4c0a9919e66b | campaign-b7f9b116-f3aa-4c4f-b2da-44c2f0668e8e:4 -> Q-046a1cf6-14ab-4502-a170-3a1a99e15b53 | campaign-b7f9b116-f3aa-4c4f-b2da-44c2f0668e8e:5 -> Q-83fd52e2-0494-4f50-adbc-c3653d4f34ef | campaign-df6e323d-a31c-4eb1-b64d-e2a3f22ccb90:0 -> Q-0e112790-2a7e-4459-83e3-853f1404e2de | campaign-df6e323d-a31c-4eb1-b64d-e2a3f22ccb90:1 -> Q-564e3a12-355a-497e-ac82-53097bad4f9b | campaign-df6e323d-a31c-4eb1-b64d-e2a3f22ccb90:2 -> Q-3a6ace13-c30f-4c2d-9f00-fe205ccda6c2 | campaign-df6e323d-a31c-4eb1-b64d-e2a3f22ccb90:3 -> Q-2addaea5-a572-4d3d-9d23-acb29ea0efcf | campaign-df6e323d-a31c-4eb1-b64d-e2a3f22ccb90:4 -> Q-3bebfb9e-1ca0-45fb-83b6-3c952a3508f5 | campaign-df6e323d-a31c-4eb1-b64d-e2a3f22ccb90:5 -> Q-bb8ce3ed-a977-48e0-8db4-92ed1614c4ed | campaign-6d2a9f76-a7f2-4b29-ac3c-2e26eb40325d:0 -> Q-e7bc9cf3-4b58-4d42-aedd-306bc88cb4fa | campaign-6d2a9f76-a7f2-4b29-ac3c-2e26eb40325d:1 -> Q-ab27f5d0-8eea-48ad-a486-0cf99c273f36 | campaign-6d2a9f76-a7f2-4b29-ac3c-2e26eb40325d:2 -> Q-e90a8a3d-1799-4948-bb26-6d9a93701326 | campaign-6d2a9f76-a7f2-4b29-ac3c-2e26eb40325d:3 -> Q-867ffe25-c72c-43ba-b350-7ebadf17e4e5 | campaign-6d2a9f76-a7f2-4b29-ac3c-2e26eb40325d:4 -> Q-11c8a154-e743-4e25-809f-53c31691ad56 | campaign-6d2a9f76-a7f2-4b29-ac3c-2e26eb40325d:5 -> Q-d65db092-13c6-4464-aa8e-3e1f073b47d4 | campaign-79b3a131-9a7e-455f-bfc9-02fbc5c41224:0 -> Q-14fb5517-df11-4dbd-9499-619687cedf75 | campaign-79b3a131-9a7e-455f-bfc9-02fbc5c41224:1 -> Q-d22b61e7-5c40-4427-8b63-92c4fcf5bd9a | campaign-79b3a131-9a7e-455f-bfc9-02fbc5c41224:2 -> Q-90186f70-f4a3-4839-9efa-1371a915fe7c | campaign-79b3a131-9a7e-455f-bfc9-02fbc5c41224:3 -> Q-69d97f91-f9e5-4ba8-8189-bbbcff761acb | campaign-79b3a131-9a7e-455f-bfc9-02fbc5c41224:4 -> Q-caac17e5-8dab-487d-9011-b607ee84f3ed | campaign-79b3a131-9a7e-455f-bfc9-02fbc5c41224:5 -> Q-c6c72180-bf54-4a28-b306-b10fcf7e07e0 | campaign-1b41b5a8-0f2f-4786-9e7a-9fdde4aceb68:0 -> Q-7a344a96-980c-49eb-a6a4-7a7ac65269cd | campaign-1b41b5a8-0f2f-4786-9e7a-9fdde4aceb68:1 -> Q-dfcb9efc-2217-4e1a-b95f-6a89f2a83511 | campaign-1b41b5a8-0f2f-4786-9e7a-9fdde4aceb68:2 -> Q-17b2fea2-27c4-447f-9bb8-397e2f4a9702 | campaign-1b41b5a8-0f2f-4786-9e7a-9fdde4aceb68:3 -> Q-b593514c-f8ed-46e2-96e4-6de7eb8961f6 | campaign-1b41b5a8-0f2f-4786-9e7a-9fdde4aceb68:4 -> Q-9ed02122-61cc-4d0c-97cc-869a66556691 | campaign-1b41b5a8-0f2f-4786-9e7a-9fdde4aceb68:5 -> Q-7fe940eb-78f5-49e4-bc4c-ee8f43a59619 | campaign-2c6001e0-682c-4d72-b18a-5c0f5d38bb27:0 -> Q-152690e4-acb0-44da-9f7d-fe76083e16f4 | campaign-2c6001e0-682c-4d72-b18a-5c0f5d38bb27:1 -> Q-1925880a-9dd7-4a92-98a3-06279a9337c9 | campaign-2c6001e0-682c-4d72-b18a-5c0f5d38bb27:2 -> Q-ee96424e-b628-48cb-af2f-fa2ff9e62acc | campaign-2c6001e0-682c-4d72-b18a-5c0f5d38bb27:3 -> Q-209027c9-be6c-4a6c-bb96-f3dfabe01e91 | campaign-2c6001e0-682c-4d72-b18a-5c0f5d38bb27:4 -> Q-49afcec0-0a5f-4738-bb36-ecbb9a5eab2f | campaign-2c6001e0-682c-4d72-b18a-5c0f5d38bb27:5 -> Q-88df8184-a70e-4ffe-986c-816fa24e7e71 | campaign-97e53319-7d2e-4e86-969c-e7853fd4f770:0 -> Q-46a6a511-acda-419f-838f-490406fa5a4f | campaign-97e53319-7d2e-4e86-969c-e7853fd4f770:1 -> Q-2bbbaece-31e0-4c49-aebf-514236db335d | campaign-97e53319-7d2e-4e86-969c-e7853fd4f770:2 -> Q-59193e78-0698-4d3b-9f43-9e7da23d957a | campaign-97e53319-7d2e-4e86-969c-e7853fd4f770:3 -> Q-8cc05d05-60da-403a-8c92-ec59f431119c | campaign-97e53319-7d2e-4e86-969c-e7853fd4f770:4 -> Q-7846f801-a68f-4c71-959e-1c35432dcbf3 | campaign-97e53319-7d2e-4e86-969c-e7853fd4f770:5 -> Q-d7f09d92-c9a1-493e-bf70-3471a6a52964 | campaign-4c5895a2-0b22-44ca-8565-e048881ba0a4:0 -> Q-234a718b-ba1e-4517-817e-db7c71ae126f | campaign-4c5895a2-0b22-44ca-8565-e048881ba0a4:1 -> Q-0b1a3547-d087-4850-85a8-37e6c81de527 | campaign-4c5895a2-0b22-44ca-8565-e048881ba0a4:2 -> Q-e48649ee-6798-4d5c-999d-0d04eeb04991 | campaign-4c5895a2-0b22-44ca-8565-e048881ba0a4:3 -> Q-c1785dc0-e401-4367-b974-468ee1e79c74 | campaign-4c5895a2-0b22-44ca-8565-e048881ba0a4:4 -> Q-df0b62ff-f14d-4136-94b2-79ee43670c3a | campaign-4c5895a2-0b22-44ca-8565-e048881ba0a4:5 -> Q-41378b9a-d808-48b9-be72-18371a18ec79 | campaign-6ea3a14c-f9e2-4982-9b94-d2acc2dd91c1:0 -> Q-108f7ae5-92bc-4e17-a39a-3e07fc763549 | campaign-6ea3a14c-f9e2-4982-9b94-d2acc2dd91c1:1 -> Q-87affb17-8b5d-4984-b369-412e740eb1bf | campaign-6ea3a14c-f9e2-4982-9b94-d2acc2dd91c1:2 -> Q-5a7d624f-ec62-4d73-b475-0118a21831d7 | campaign-6ea3a14c-f9e2-4982-9b94-d2acc2dd91c1:3 -> Q-8e777b5c-dd6c-4849-918f-e55f5ee30a7e | campaign-6ea3a14c-f9e2-4982-9b94-d2acc2dd91c1:4 -> Q-8e4a0b1a-e1a1-45ce-a747-c0c130520746 | campaign-6ea3a14c-f9e2-4982-9b94-d2acc2dd91c1:5 -> Q-a3fb74d9-c37e-4b3d-927e-358622505d8a | campaign-25cf6b82-1949-4dcc-9b12-4b496d05fb22:0 -> Q-6d13ffd5-05c8-4253-9f69-c485329f9b25 | campaign-25cf6b82-1949-4dcc-9b12-4b496d05fb22:1 -> Q-39d210c6-bdfa-4e0d-bfa0-b834811c8a5e | campaign-25cf6b82-1949-4dcc-9b12-4b496d05fb22:2 -> Q-ae550d22-88dd-4f14-822b-75425a5b993e | campaign-25cf6b82-1949-4dcc-9b12-4b496d05fb22:3 -> Q-138798be-8767-44a1-bf35-d62399abac90 | campaign-25cf6b82-1949-4dcc-9b12-4b496d05fb22:4 -> Q-f79bcf47-7d52-4c47-8bb2-11f4190887c9 | campaign-25cf6b82-1949-4dcc-9b12-4b496d05fb22:5 -> Q-e70c35c2-335d-48f7-ab62-504c6d16fba2 | campaign-56cf4a9a-1f09-470b-9ce7-cc7dc42b23ab:0 -> Q-d61910a0-069d-4319-a25a-c9006672834d | campaign-56cf4a9a-1f09-470b-9ce7-cc7dc42b23ab:1 -> Q-551509b3-c4b8-4b07-847b-cd00d4627fe5 | campaign-56cf4a9a-1f09-470b-9ce7-cc7dc42b23ab:2 -> Q-dbb4c4d1-a3e9-42e5-b9ba-043eb04e20f1 | campaign-56cf4a9a-1f09-470b-9ce7-cc7dc42b23ab:3 -> Q-18b84845-1e1c-4326-82f5-9d379ab283ee | campaign-56cf4a9a-1f09-470b-9ce7-cc7dc42b23ab:4 -> Q-8088db87-0838-4137-b513-b880ce9fa491 | campaign-56cf4a9a-1f09-470b-9ce7-cc7dc42b23ab:5 -> Q-3bf07f1b-a508-4270-be8d-a3953530881e | campaign-1931d517-480c-4f57-934e-5d611e9fbf91:0 -> Q-af186815-0b22-4aa3-988e-ed73da5b458f | campaign-1931d517-480c-4f57-934e-5d611e9fbf91:1 -> Q-44655de8-20d2-49ff-8514-b88c92b04625 | campaign-1931d517-480c-4f57-934e-5d611e9fbf91:2 -> Q-64f4bd81-f0ad-4a2f-8dee-884eb322b381 | campaign-1931d517-480c-4f57-934e-5d611e9fbf91:3 -> Q-6435cb02-c406-4f70-9d0a-d4f0fcfa002b | campaign-1931d517-480c-4f57-934e-5d611e9fbf91:4 -> Q-db27c747-8d34-4a75-896a-5b38ede7a7f9 | campaign-1931d517-480c-4f57-934e-5d611e9fbf91:5 -> Q-5b80e945-7244-4634-8aca-4938885cd110 | campaign-2d8c751a-5a36-44eb-977b-59d54cea025f:0 -> Q-c55bd1bc-506b-4656-9099-7112caa8421c | campaign-2d8c751a-5a36-44eb-977b-59d54cea025f:1 -> Q-2a70e1ed-92f8-4aa5-9594-b6a6b5df9106 | campaign-2d8c751a-5a36-44eb-977b-59d54cea025f:2 -> Q-5a49195b-e122-4bf8-bc48-9ebeb7bdb3fc | campaign-2d8c751a-5a36-44eb-977b-59d54cea025f:3 -> Q-9c6b36d3-5cc0-49dc-b862-e2e5be704d37 | campaign-2d8c751a-5a36-44eb-977b-59d54cea025f:4 -> Q-724a853e-ffb6-4e54-a258-92b845f21ee4 | campaign-2d8c751a-5a36-44eb-977b-59d54cea025f:5 -> Q-cb18573d-68d4-404c-99cd-2ca8d6f2f8df | campaign-c024addb-f06d-43c5-8405-3a7ed415727a:0 -> Q-ac04e2db-900d-4f41-95b9-27b975a75251 | campaign-c024addb-f06d-43c5-8405-3a7ed415727a:1 -> Q-ca6790cf-8efd-4eaf-9e89-ea8798a66e48 | campaign-c024addb-f06d-43c5-8405-3a7ed415727a:2 -> Q-caf8a41d-b529-4065-889f-24ce72f11067 | campaign-c024addb-f06d-43c5-8405-3a7ed415727a:3 -> Q-e0eb895e-0a07-4c65-a29c-8228b08bba17 | campaign-c024addb-f06d-43c5-8405-3a7ed415727a:4 -> Q-b25110a0-665e-4481-aa0f-ea15412c30e0 | campaign-c024addb-f06d-43c5-8405-3a7ed415727a:5 -> Q-2bfda5df-713b-4521-a7fb-5263c87fcf5a | campaign-12c003ce-f9f9-49e1-9b80-9201aab0d1d4:0 -> Q-65680b1a-d3ad-4a05-a080-698b67032b06 | campaign-647b74cd-b4d2-415b-ab7b-c9914fbb7697:0 -> Q-119388af-2908-4dec-8819-7c1b0ee33035 | campaign-1a4ab016-4447-4ff0-a9cb-401eddd43e7f:0 -> Q-7b1a0ca2-6d2f-493d-8c16-4af83916693a | campaign-1a4ab016-4447-4ff0-a9cb-401eddd43e7f:1 -> Q-02716157-4adf-4b6b-9783-15f738c49f2e | campaign-1a4ab016-4447-4ff0-a9cb-401eddd43e7f:2 -> Q-a37bb24d-df0b-4277-9375-0e13625e7073 | campaign-1a4ab016-4447-4ff0-a9cb-401eddd43e7f:3 -> Q-ea7ec41d-bb9d-4fc8-b4fd-319a818a4086 | campaign-1a4ab016-4447-4ff0-a9cb-401eddd43e7f:4 -> Q-4272b9d0-a566-4113-9226-554e49d20993 | campaign-1a4ab016-4447-4ff0-a9cb-401eddd43e7f:5 -> Q-e53aa05d-fa74-4b25-a359-460457bd62c5 | campaign-e0e08faf-57d2-4ffe-a218-63704e342478:0 -> Q-a27c201d-12c3-45ed-961d-0f116f078b73 | campaign-0213d95d-ae62-4f0c-be8d-6238c0ec6d2c:0 -> Q-03b7bfdb-0f25-49a9-b80b-6283f456d98e | campaign-0213d95d-ae62-4f0c-be8d-6238c0ec6d2c:1 -> Q-f6ce64d0-0cba-4984-ba9e-056fd2467aea | campaign-0213d95d-ae62-4f0c-be8d-6238c0ec6d2c:2 -> Q-3a96d66b-f858-4f8e-8a40-4c4daff5bef1 | campaign-0213d95d-ae62-4f0c-be8d-6238c0ec6d2c:3 -> Q-1fb2f875-e4ce-410b-a061-9e627f6de796 | campaign-0213d95d-ae62-4f0c-be8d-6238c0ec6d2c:4 -> Q-0e8383f6-97b7-4094-ad35-738413e6a241 | campaign-0213d95d-ae62-4f0c-be8d-6238c0ec6d2c:5 -> Q-dfad53d4-c33b-4025-b42f-488cdf486a85
failure_rate,G1,0,,205,"accounted=205 failed=0 timedOut=0 over terminal campaigns: campaign-dbba5342-f0ee-4ecb-9d4f-a3dbb9f8884d, campaign-45e406a5-0290-4b69-864f-de73991b2b98, campaign-76b22fdb-d172-475c-8fb9-c14462f1fc63, campaign-7e74a6ea-e43c-4bca-aef6-92fbadf0a865, campaign-d5c9cc49-bba4-4759-845f-e74a7f06d5eb, campaign-42b5c2d5-11ad-4685-a432-acf5d999ac07, campaign-7b0008af-209d-4383-977a-1fc88b940e42, campaign-89df38c0-fad6-49ee-a377-f5f12c7686d8, campaign-83bedb18-074c-4017-ad69-a68158742670, campaign-125079c3-b407-4428-969a-dece3069aa15, campaign-8be00ecf-ef6c-4a88-8b5f-59e6a49ab3b4, campaign-ad663ad6-c3a4-4836-8841-d27b1b3c8d8c, campaign-b8118565-e2e0-4bbb-ad41-548c0688d6a4, campaign-3c873390-59c9-4324-b0f4-829b03802e1e, campaign-1457eaf4-fdad-4f54-a10d-91f9f14e830a, campaign-5f6a75ea-ea9f-47f0-822e-8b2063cf97e8, campaign-48782249-9d5b-4bd5-b619-6fe4472ce30c, campaign-013b37aa-8ab6-411d-b498-ecb66c2cfa68, campaign-26a8c78b-e311-4c1d-a543-3721e7e5e717, campaign-20155a36-3ff5-485a-8197-11d557aa990e, campaign-9420b112-49c6-4f5e-a551-15ec82a0698c, campaign-b7f9b116-f3aa-4c4f-b2da-44c2f0668e8e, campaign-df6e323d-a31c-4eb1-b64d-e2a3f22ccb90, campaign-6d2a9f76-a7f2-4b29-ac3c-2e26eb40325d, campaign-79b3a131-9a7e-455f-bfc9-02fbc5c41224, campaign-1b41b5a8-0f2f-4786-9e7a-9fdde4aceb68, campaign-2c6001e0-682c-4d72-b18a-5c0f5d38bb27, campaign-97e53319-7d2e-4e86-969c-e7853fd4f770, campaign-4c5895a2-0b22-44ca-8565-e048881ba0a4, campaign-6ea3a14c-f9e2-4982-9b94-d2acc2dd91c1, campaign-25cf6b82-1949-4dcc-9b12-4b496d05fb22, campaign-56cf4a9a-1f09-470b-9ce7-cc7dc42b23ab, campaign-1931d517-480c-4f57-934e-5d611e9fbf91, campaign-2d8c751a-5a36-44eb-977b-59d54cea025f, campaign-c024addb-f06d-43c5-8405-3a7ed415727a, campaign-6425e1be-0a46-4fec-a942-cb1a01742bca, campaign-12c003ce-f9f9-49e1-9b80-9201aab0d1d4, campaign-647b74cd-b4d2-415b-ab7b-c9914fbb7697, campaign-1a4ab016-4447-4ff0-a9cb-401eddd43e7f, campaign-e0e08faf-57d2-4ffe-a218-63704e342478, campaign-0213d95d-ae62-4f0c-be8d-6238c0ec6d2c | undelivered planned runs=6 from campaign-6425e1be-0a46-4fec-a942-cb1a01742bca(TOPOLOGY_NOT_READY)"
duplicate_execution_count,G1,0,,205,"205 run references, each owned by exactly one canonical task"
convergence_missing_event_count,G2,0,,205,205 measured runs all resolved to a canonical task in the export
retry_count,G2,NOT_MEASURED,campaign repetitions are not retries and no retry event is recorded in these sources; counting repetitions here would inflate an autonomy number,,
recovery_time_ms,G1,NOT_MEASURED,no fault or recovery receipt is present in the provided sources,,
handoff_time_ms,G1,NOT_MEASURED,"no handoff transition between workers appears in these sources; placements were seed-selected, not handed off",,
intervention_count,G3,NOT_MEASURED,"Owner actions are not represented in the canonical City records, so no complete intervention window can be claimed; the guard forbids reporting 0 for an unknown window",,
transitions_before_intervention,G3,NOT_MEASURED,"requires Owner actions, which these sources do not carry",,
time_to_first_intervention_ms,G3,NOT_MEASURED,"requires a first Owner action, which these sources do not carry",,
steps_to_first_intervention,G3,NOT_MEASURED,"requires a first Owner action, which these sources do not carry",,
intervention_free_survival,G3,NOT_MEASURED,"no censored intervention episodes exist in these sources; the guard says export raw episodes rather than draw a curve, and there are none to export",,
intervention_cause_taxonomy,G3,NOT_MEASURED,requires Owner actions with stated causes,,
task_pool_drain_before_intervention,G3,NOT_MEASURED,requires Owner actions alongside the task pool,,
high_value_owner_decision_count,G3,NOT_MEASURED,requires Owner decisions with a stated value,,
avoidable_technical_escalation_count,G3,NOT_MEASURED,requires escalations classified as avoidable,,
repeat_clarification_count,G3,NOT_MEASURED,requires clarification episodes,,
escalation_to_autonomy_resumed_ms,G3,NOT_MEASURED,requires escalation episodes with a resume time,,
batchable_escalation_count,G3,NOT_MEASURED,"requires escalation bursts, which these sources do not carry",,
control_plane_mismatch_count,G4,NOT_MEASURED,requires control-plane records reconciled against observed reality; this exporter was given city records only,,
control_plane_reconciliation_time_ms,G4,NOT_MEASURED,"requires reconciliation episodes, which are not City records",,
exposure_lag_ms,G4,NOT_MEASURED,requires implementation/wiring/reachability/intent timestamps; the trace records in these sources carry null provenance fields,,
intent_lag_ms,G4,NOT_MEASURED,"requires the same transition timestamps, which are absent",,
registry_localization_cost,G4,NOT_MEASURED,requires registry-assisted localization episodes,,
rule_activation_conflict_falseblock_retirement,G4,NOT_MEASURED,"requires rule lifecycle observations, which are not City records",,
textually_clean_semantic_failure_count,G4,NOT_MEASURED,"requires integration episodes; these are programme records rather than City campaign data, and v1 of this exporter is deliberately campaign-scoped",,
independently_green_integrated_failure_count,G4,NOT_MEASURED,same integration-episode source as above,,
